Title,Description,Link,pubDate
<title>?? ???? ??"?: ????? ?????? ?? ????? ??? ??? ???? ??????? ????? ??? ????? ???? ??? ??...</title>,<description><div class="rsshub-quote"><blockquote>
                                    <p><a href="https://t.me/News_cabinet_news/150216"><b>????? - ?????? ???????? C.B</b>:</a></p>
                                    
                                    <p><span class="emoji">??</span> ????? ??? ??? ???? (29/07/2024):  16:54: ? ?? ??????: ??? ?????   ???? - ??? ????</p>
                                </blockquote></div><p>???? ??"?:<br><br>????? ?????? ?? ????? ??? ??? ???? ??????? ????? ??? ????? ???? ??? ???, ????? ?????? ????.</p></description>,<link>https://t.me/News_cabinet_news/150219</link>,<pubDate>Mon, 29 Jul 2024 14:14:04 GMT</pubDate>
<title>*???? ??? ??????:* ??? ?????? ?????? ?????? ???? ?????? ?????? ?? ?????? ???? ????, ...</title>,<description><p>*???? ??? ??????:*<br><br>??? ?????? ?????? ?????? ???? ?????? ?????? ?? ?????? ???? ????, ????? ????? ?? ?????? ???? ???? ?? ??"?.</p></description>,<link>https://t.me/News_cabinet_news/150218</link>,<pubDate>Mon, 29 Jul 2024 14:13:02 GMT</pubDate>
<title>??</title>,<description><p>Forwarded From <b><a href="https://t.me/tzevaadomm/23908">???? - ??? ????</a></b> (???? - ??? ????)</p><img src="https://cdn4.cdn-telegram.org/file/dD_KTFMSfyDT_8IBcijOKgJV5_1jJo7_h3H5kq49QYRZPpFYI8iM4T2C43gV1fXmDedWDWjBSbWE5xcUFD0ltunsY-Dj7Z9VYnow7f4G29_UhsZXs52GFmkglvGdDjmkaix-2LJ3BQca6OStKjHlsOvp0rYDMQ4orSP6RSS4Y1AJ-kIjBwk4QsQS8-sk6UPkYO6Cy8YudHc1dWm9o9iwXhg45dQ03tzsHNioQsj1jgm38ienb120MuIL9SmGx6oWP8UTqyOHH5mQ02lBXzvH4PEiQtOs1kwnn9CVRZRZOSdjYSPWR81n3LGjJ_XEdhedHqJ39dGwhVOaVVReaweFPg.jpg" referrerpolicy="no-referrer"></description>,<link>https://t.me/News_cabinet_news/150217</link>,<pubDate>Mon, 29 Jul 2024 13:54:52 GMT</pubDate>
<title>? ?? ????? ??? ??? ???? (29/07/2024): 16:54: ? ?? ??????: ??? ????? ???? - ??? ????</title>,<description><p>Forwarded From <b><a href="https://t.me/tzevaadomm/23907">???? - ??? ????</a></b> (???? - ??? ????)</p><p><b><span class="emoji">??</span> ????? ??? ??? ????</b> <i>(29/07/2024)</i>:<br><br><i>16:54:</i><br><b>? ?? ??????:</b> ??? ????? <br><br><a href="https://t.me/tzevaadomm" target="_blank" rel="noopener" onclick="return confirm('Open this link?\n\n'+this.href);">???? - ??? ????</a></p></description>,<link>https://t.me/News_cabinet_news/150216</link>,<pubDate>Mon, 29 Jul 2024 13:54:51 GMT</pubDate>
<title>? ???? ??? ??? ??"? ??? ????? ???? ????</title>,<description><p>???? ??? ??? ??"? ??? ????? ???? ????</p><img src="https://cdn4.cdn-telegram.org/file/O8_pwSJl9br1ZjlZLhdlyopN0KpTpjRaXTHi5ABmq2gE1CDJ_1mNFf-Xdr_b371c6i5f61NG9QIit_pF2vi98D1frYm4uoSw1keU2EIVJmtyvcxU0QwUWwC8-yW0_r8rgbzudOM1QaMKlNMcb-70eU_LTzHYUwpvNx3YvE3Vq0m1liRz23SEvfve4jk9M2Z62Zoe3XssPkZrc2-IbrSLpFN3-Q-I7Da4Psol6ar18aUR7M5C4-nMMFfMSxLmZrDqrCAa7G_lkt9cvM1M5yuH32W9ECwNIn14CBGsboXq5YUCXFgdJrjvJ-ZjJxZyoJys9oNk_tnKmnLJOT0HpOS0Nw.jpg" referrerpolicy="no-referrer"></description>,<link>https://t.me/News_cabinet_news/150215</link>,<pubDate>Mon, 29 Jul 2024 13:48:38 GMT</pubDate>
<title>???? ????: ???? ?? ????? ???? ?????? ?????? ?? ?????? ?? ?????? ???????? ????? ??? ...</title>,<description><p>???? ????:<br><br>???? ?? ????? ???? ?????? ?????? ?? ?????? ?? ?????? ???????? ????? ??? ????.   <br><br>???????, ??-???? ???? ????, ?????? ?????? ????:<br><br>?????? ?????? ????? ??? ???? ??? ???? ????? ?????? ????. ?????? ????? ???? ????? ???? ????? ?? ??????? ????? ????? ?????? ???? ????. ????? ?????? ??????, ??????? ???? ?? ?????? ?? ?????? ??????. <br>??? ???? ??????? ?? ?????? ?????? ?????? ????? ?? ???? ?????.<br><br>??? ???? ????? ??? ????????? ?????? ??????? ?????? ?????? ?????? ?? ????? ????? ???????. ???? ?????, ??? ??? ????? ?? ?????. ????? ?????? ??? ?? ?????? ?? ??????? ???? ?????? ??????? ?? ???? ??"?. ??????? ???? ??????? ??? ????? ?? ???? ??????? ???? ???????.?</p></description>,<link>https://t.me/News_cabinet_news/150214</link>,<pubDate>Mon, 29 Jul 2024 13:31:50 GMT</pubDate>
<title>?? ???? ??"?: ????? ?????? ?? ????? ??? ??? ???? ??????? ????? ????? ???? ??? ???, ?...</title>,<description><div class="rsshub-quote"><blockquote>
                                    <p><a href="https://t.me/News_cabinet_news/150212"><b>????? - ?????? ???????? C.B</b>:</a></p>
                                    
                                    <p>????? ?????? ?? ????? ????? ?? ????? ??? ??? ???? ???? ????? - ?????? ??????.</p>
                                </blockquote></div><p>???? ??"?:<br><br>????? ?????? ?? ????? ??? ??? ???? ??????? ????? ????? ???? ??? ???, ????? ?????? ????.</p></description>,<link>https://t.me/News_cabinet_news/150213</link>,<pubDate>Mon, 29 Jul 2024 13:14:06 GMT</pubDate>
<title>????? ?????? ?? ????? ????? ?? ????? ??? ??? ???? ???? ????? - ?????? ??????.</title>,<description><p>????? ?????? ?? ????? ????? ?? ????? ??? ??? ???? ???? ????? - ?????? ??????.</p></description>,<link>https://t.me/News_cabinet_news/150212</link>,<pubDate>Mon, 29 Jul 2024 13:09:56 GMT</pubDate>
<title>??</title>,<description><p>Forwarded From <b><a href="https://t.me/tzevaadomm/23906">???? - ??? ????</a></b> (???? - ??? ????)</p><img src="https://cdn4.cdn-telegram.org/file/WMkLifXFNzR7Zzrw4zrl0aZuyosnrgmUfMTBQYMUAB_sfVbUj8qPGtkQlYy5XIAJmN63G0EH7iHKLxIxo1E-tMWgmGdCfULZ35tWn0IkUE0JmyHFohDBFeeXlxAzmr-CR5OeRYcaMx-vmtv0JpCJzym4LZCxMXVvYJHyknWRkZQrLCuqVw8MOxY-7I1LcHU_47S-iZI1QOFhu5AU6VuFZFJPXX5gwKCAfIijlAv18eyM5i41N2wg5H-30xF7EVC6ki9c5c9TvkH7IjuDjgCp6sTDQeefP9kYVxB4FRjREisn9DQsJknJoaghYLMK181Qw1lCKe9KWeBWQym50DDm7Q.jpg" referrerpolicy="no-referrer"></description>,<link>https://t.me/News_cabinet_news/150211</link>,<pubDate>Mon, 29 Jul 2024 12:59:07 GMT</pubDate>
<title>? ?? ????? ??? ??? ???? (29/07/2024): 15:59: ? ?? ??????: ????? ???? - ??? ????</title>,<description><p>Forwarded From <b><a href="https://t.me/tzevaadomm/23905">???? - ??? ????</a></b> (???? - ??? ????)</p><p><b><span class="emoji">??</span> ????? ??? ??? ????</b> <i>(29/07/2024)</i>:<br><br><i>15:59:</i><br><b>? ?? ??????:</b> ????? <br><br><a href="https://t.me/tzevaadomm" target="_blank" rel="noopener" onclick="return confirm('Open this link?\n\n'+this.href);">???? - ??? ????</a></p></description>,<link>https://t.me/News_cabinet_news/150210</link>,<pubDate>Mon, 29 Jul 2024 12:59:05 GMT</pubDate>
<title>???</title>,<description><div class="rsshub-quote"><blockquote>
                                    <p><a href="https://t.me/News_cabinet_news/150205"><b>????? - ?????? ???????? C.B</b>:</a></p>
                                    
                                    <p>??? ?????? , ?? ?????? ??????:  ?????? ??? ????? ????? ???'?? ???, ??? ?? ?????' ????? ???? ????? ??????? ?? ??'?? ??? ???? ?????, ??? ????? ?? ??????? ?????? ??????? ????? ????? ?????? ?????? ???.   ?? ???? ????. ??? ?? ????? ????? ??????? ?? ???? ????? ??????</p>
                                </blockquote></div><img src="https://cdn4.cdn-telegram.org/file/pYHmfPMmnsO4Gl8cd0ysKkYn7xj9S6roFUf8UTGPw9fL3a2ltdid-bu0BT0T_nun8wrskxKwx6RrY-ubm1vQZaitBqrYTiF5UBGyysP4BYGErMPvFhJz9ZpkkZEzw4NeKcE2U8dXpZrF7NMwefv7FkrHTQlSmVT-tdWOS8UadaSYZMgeGAUm_CMnIRNiNO0XD4Gdg2Oghahpw_gH1K0kulIwKqw2d6XfJWx67LdDkK_FMEez6fZrq9u75prs0FO9WxZ4qU3VrEvWcx8YtgQsD_QbQtsXfBSSO9upU3QoUM2Kdgt3fNHqExOzjLrump1LF67rKZ7tq_H3lf2f7idWXw.jpg" referrerpolicy="no-referrer"><img src="https://cdn4.cdn-telegram.org/file/nVz1TXsGWtR24O6rGXZzl_KaiQ_7YdAN-HTVYZr9M2tESf0eroqO-7e_gZOC8zQOZcsRVmpyvQbOKfctbIgkKkv1EZL2dpztmrfuYc16DwW2NG7eUdfjw7W9jDWsVASbBnjG5wQ-ugDD2mi2E-I8p58TaJ6lwWPA-8duktc2RAc-HE6dlSe_yH_9XGMzaCUYpegAmI8OwmGxs5Bbyv8T7dq3PdJbu1xqV8sDEUVo0ANyOrdlS0ebBN8x9GOTi2yhsOS7lsM0hFDxuI4fPk8FUFZidohABndeuD5CSVochpeCg6CZ4tIqIeYGSK1KNp8zLgt2CZUuegFYuALPGRZYyA.jpg" referrerpolicy="no-referrer"><img src="https://cdn4.cdn-telegram.org/file/sP5ZDaS_Ad1YEOuF0bv7rmQ2yiHe002eQs06_DswFi9jsSdLHDX5nL70kIJwpqj91COpWFVslKJXy9IB8asTMH6dGbUErMlbPHgu22bEJR394gK1vaCIBhU2y-ZUjrREXJcWpVwxk4RZm1HS8wMGd7SmKYeXmvX_w2nfvp5n70uAJcLaLxm-sXj9Nwq60wCjN3SBgRZCu-PUNlF2Y1Chu5OdkTjpFE1pA8ogO9ICjs22Aaw9mEbf1N-dST-hlJdz9SVG9coZ6Gz0xW8BIylf0UBa5kcAe7AGKCstyTxGZKp7zagbrUXaeVDqeZl7UH0b4Rls8mysSCvvS3mB77_GUw.jpg" referrerpolicy="no-referrer"><img src="https://cdn4.cdn-telegram.org/file/S8NhNGppzDkeDZNCmT5yBu_5-CS_ruA11rTMsOQkfj3jXTWyImVB9zwl-VEPjutLhWilmtvCwkepDB83ox06mtOjxZ5IL8vfTfhxcO5nrgJwUDp9c1SICWZ30pQ_vFnpl4al9o5yVjj9asCVnvUq0cFmxOLteLERpTBTO_Ws4NUcfVdC3ip5Chz6Gc7gn8TPtfzEfiqu39l5jjna80uMXWDIiG34RzCdDmKb6Jx80YHv7isLdAWG3CEM1xvGoOZ4D6Bao56uijGPu-dSjka-ub5bwM_xC5DbHVf6jf8oIhPHLBiF-n7B-XJFm2DVzjFYE7S84nMnaJJFLJJmNKEiYw.jpg" referrerpolicy="no-referrer"></description>,<link>https://t.me/News_cabinet_news/150206</link>,<pubDate>Mon, 29 Jul 2024 12:30:57 GMT</pubDate>
<title>??? ?????? , ?? ?????? ??????: ?????? ??? ????? ????? ???'?? ???, ??? ?? ?????' ?????...</title>,<description><p>??? ?????? , ?? ?????? ??????:<br><br>?????? ??? ????? ????? ???'?? ???, ??? ?? ?????' ????? ???? ????? ??????? ?? ??'?? ??? ???? ?????, ??? ????? ?? ??????? ?????? ??????? ????? ????? ?????? ?????? ???. <br><br>?? ???? ????. ??? ?? ????? ????? ??????? ?? ???? ????? ????? ????? ???. <br><br>???????? ?????? ??????, ????? ???? ??? ?????? ???? ?? ????? ?? 12 ?????, ????? ??????. <br><br>??? ???? ?????? ????. ????? ?????? ?? ??????? ??????? ????? ??? ?? ?????. <br><br>?????? ???? ?? ?????? ????, ?? ?????? ?? ?????. ????? ????? ?? ????? ?? ?? ???? ????. ??????? ?? ????, ???? ???? ???. <br><br>?????? ????????, ???? ??????? ????? ?? ???? ???? ??? ???? ??????: <br><br>??? ????? ??????? ???????? ????? ?? ???? ???? ?????. ??? ???? ???: ???? ?????. ?? ??? ???? ????, ??? ?????? ?? ?? ???? ?? ???? ???? ?????. ????? ?????? ????. <br><br>???? ???? ??? ????: ??? ????? ?????. ?? ????? ????? ??? ???? ???????? ?? ??? ???? ?? ????? ?????????. ????? ????? ????? ????? ??????, ???, ?????? ????, ???? ??? ??????. <br><br>??? ???? ?? ?????? ?????? ???????? ???? ???? ????? ???. <br><br>(?????: ???? ?????, ????)</p></description>,<link>https://t.me/News_cabinet_news/150205</link>,<pubDate>Mon, 29 Jul 2024 12:30:48 GMT</pubDate>
<title>???</title>,<description><div class="rsshub-quote"><blockquote>
                                    <p><a href="https://t.me/News_cabinet_news/150203"><b>????? - ?????? ???????? C.B</b>:</a></p>
                                    
                                    <p>???? ??????  *??? ?????? ?????? ????? ????? ???'?? ???: "????? ????? ?? ????? ??? ????? ????? ?? ?? ???? ????. ??????? ?? ????, ???? ???? ???"*  ??? ?????? ?????? ?????? ???? ???? (?') ????? ????? ???'?? ???, ??? ?? ?' ???"? ???? ??.  ??? ?????? ?????? ??'?</p>
                                </blockquote></div><img src="https://cdn4.cdn-telegram.org/file/F2DfdVqJe38wEk0zblKakf9uyfcC0jpN2AB6V4kZzvrIGLe1B9X81SynmTM3fuvtfPFS7utTmMXaJJ0NrARUdXsv7IG-PTNKTTW6CwxG4Q128vp7tVN-XKiatRdQeikxhX55CiO_mjpySzFvZrsZbEFHusrncOIOcwczFwBoPT77dPkcb3Uq7sAGldICHQikNCF1ycaG219QgyZpZzQuXDyjXJ2Dk22rlam7vjfAQ2JJ3xx5CMaHCJiwe2ByxVMAlqRV7UZjHINXRWRu24QKuOSyioWdLf0wDpjgvUhWMu7EaOBfysI4FmHxFbUATP4oWQSV_oBCb-MMcrlBCLoYsg.jpg" referrerpolicy="no-referrer"></description>,<link>https://t.me/News_cabinet_news/150204</link>,<pubDate>Mon, 29 Jul 2024 12:23:46 GMT</pubDate>
<title>???? ?????? *??? ?????? ?????? ????? ????? ???'?? ???: "????? ????? ?? ????? ??? ???...</title>,<description><p><b>???? ??????<br></b><br>*??? ?????? ?????? ????? ????? ???'?? ???: "????? ????? ?? ????? ??? ????? ????? ?? ?? ???? ????. ??????? ?? ????, ???? ???? ???"*<br><br>??? ?????? ?????? ?????? ???? ???? (?') ????? ????? ???'?? ???, ??? ?? ?' ???"? ???? ??.<br><br>??? ?????? ?????? ??' ???"? ?? ????? ?????, ??? ??? ????? ??'?? ??? ???? ??? ???? ???? ????? ??? ????? ???? ??????, ????? ?????? ?? ????? ???? ?????? ???, ?? ????? 12 ????? ?????? ???? ?????? ?? ??? ????? ????? ????????. ??? ??, ??"? ?????? ???? ?? ??? ????? ????? ?????.<br><br>*??? ?????? ?????? ????? ?????:*<br><br>"????? ???? ???? ???'?? ???, ??? ?? ?????' ????? ???? ????? ??????? ?? ??'?? ??? ???? ?????, ??? ????? ?? ??????? ?????? ??????? ????? ????? ?????? ?????? ???. ?? ???? ????. ??? ?? ????? ?????, ???? ???? ????? ???, ??? ???? ????? ????, ????? ??????? ?? ???? ????? ????? ????? ???. <br><br>???????? ?????? ??????, ????? ???? ??? ??????, ???? ?? ????? ?? 12 ????? ??????. 12 ????? ?????? ?????? ??? ?????? ??? ?????? ????? ?????? ????????. ??? ???? ?????? ????. ????? ?????? ?? ??????? ??????? ????? ??? ?? ?????. <br><br>?????? ???? ?? ?????? ????, ?? ?????? ?? ?????. ????? ????? ?? ????? ??? ????? ????? ?? ?? ???? ????. ??????? ?? ????, ???? ???? ???. <br><br>?????? ????????, ???? ??????? ????? ?? ???? ???? ??? ???? ??????. ??? ????? ??????? ???????? ????? ?? ???? ???? ?????. ??? ???? ???: ???? ?????. ?? ??? ???? ????, ??? ?????? ?? ?? ???? ?? ???? ???? ?????. ????? ?????? ?????. <br><br>???? ???? ??? ????: ??? ????? ?????. ?? ????? ????? ??? ???? ???????? ?? ??? ???? ?? ????? ?????????. ????? ????? ????? ????? ??????, ???, ?????? ????, ???? ??? ??????. <br><br>??? ???? ?? ?????? ?????? ???????? ???? ???? ????? ???". <br><br>???? ???, ????? ??"? ?????? ??' ???"? ?? ?? ????? ??????? ??????? ????? ??? ?? ?????? ????. ??? ?????? ???? ??? ????? ?? ??????? ????? ??? ??? ???????. <br><br>?? ??? ?????? ????? ?? ?' ???? ??? ???????, ???"? ????? ???? ???, ?????? ????? ????? ???? ?????, ?????? ?????? ?? ???? ??????? ?????? ?????' ????? ????, ???? ???? ???? ?????? ????? ??"? ????? ?? ?????' ?????? ??'?? ??? ???? ??? ????. <br><br>- ????? (???? ????): ???? ????? / ??"?, ?????: ?????? ????? /??"?<br>- ?????: ???? ????? /??"?</p></description>,<link>https://t.me/News_cabinet_news/150203</link>,<pubDate>Mon, 29 Jul 2024 12:23:42 GMT</pubDate>
<title>? ???? ??? ??? ??"? ??? ???? ???? ??????</title>,<description><p>???? ??? ??? ??"? ??? ???? ???? ??????</p><img src="https://cdn4.cdn-telegram.org/file/XqG8jrEVdhM6AiYQrE7AGGLp4dGV2EcSL8ivcTTkvtobMIJi7nBV3OZug_yqHMwjgU2hr8TfmPcWIOYU0fQznWhLqWQLMsHoWYsj_mNltWnlCPRR9Ela70HZ1t3EinTV_Q8XpNHuepKVB6TetO2gtiDTtYgtMCl8dX-bbxYCXyCruIHSxTMTfNyX-_tSI9dZTnQdkfkgyILSflHBO1rPuzf0GvKE2mVprPuh0KO9hAdQorP32saQgw4SW5p6ND_csIbDlq7CJ7ig9IJkJQKvcrz75plPpdj1tByPiCoyh0oEwkRMbGwR_c9sRdWWDMY06ewtUcCt8CQe_NQYZvWFzQ.jpg" referrerpolicy="no-referrer"></description>,<link>https://t.me/News_cabinet_news/150202</link>,<pubDate>Mon, 29 Jul 2024 12:23:26 GMT</pubDate>
<title>??? ??, 29/7, ??? 15:09 ????? ?????? ????? ?? ????? ???? 90 ????? ????? ?????, ??????? ?? ...</title>,<description><p>??? ??, 29/7, ??? 15:09<br>????? ?????? ????? ?? ????? ???? 90 ????? ????? ?????, ??????? ?? ????? ?? ?????? ????? ????? ?"? ?????? ???? ?????<br><br>????? ?????? ????? ??????</p></description>,<link>https://t.me/News_cabinet_news/150201</link>,<pubDate>Mon, 29 Jul 2024 12:21:02 GMT</pubDate>
<title>?????: ??? ?????? AP ????? ?????? ????? ?? ???? ?????? ??????? ?????, ???????? ??? ?...</title>,<description><p><b>?????: ??? ?????? AP ????? ?????? ????? ?? ???? ?????? ??????? ?????, ???????? ??? ????? ?? ????? ???????? ??????? ????? ??????<br><br>????? ?????</b></p></description>,<link>https://t.me/News_cabinet_news/150200</link>,<pubDate>Mon, 29 Jul 2024 12:17:13 GMT</pubDate>