Title	Description	Link	pubDate	Image
US House endorses annual defense policy bill, including maintaini...	The House of Representatives passed an annual defense policy bill Wednesday that calls for maintaining 28,500 American troops in Korea and reaffirming the United States' deterrence commitment to the Asian ally.	https://koreatimes.co.kr/www/nation/2024/12/501_388247.html?utm_source=fl	2024-12-11T16:17:11-08:00	http://img.koreatimes.co.kr/upload/thumbnailV2/20b1335c2c01460e80e1a1b40dfdffba.jpg
Afghan refugees minister killed by suicide blast: gov't source	The Afghan minister for refugees was killed on Wednesday in a suicide explosion at the ministry's offices in the capital Kabul, a government source told AFP.	https://koreatimes.co.kr/www/nation/2024/12/501_388232.html?utm_source=fl	2024-12-11T05:17:12-08:00	http://img.koreatimes.co.kr/upload/thumbnailV2/f137efccbf584b65bb4f92022eb946f9.png
Trump plans major reshaping of U.S. policies within hours of taki...	President-elect Donald Trump is planning a blizzard of more than 25 executive orders and directives on his first day in office on Jan. 20 as he seeks to dramatically reshape U.S. government policy on issues from immigration to energy.	https://koreatimes.co.kr/www/nation/2024/12/501_388230.html?utm_source=fl	2024-12-11T04:17:11-08:00	http://img.koreatimes.co.kr/upload/thumbnailV2/61d611c880fe49fc8f36cfe095e61cfa.png
Biden approves national security memo aimed at helping Trump on C...	President Joe Biden has approved a new national security memorandum that is meant to serve as a roadmap for the incoming Trump administration as it looks to counter growing cooperation among China, Iran, North Korea and Russia, the White House said Wednesday.	https://koreatimes.co.kr/www/nation/2024/12/501_388226.html?utm_source=fl	2024-12-11T03:47:11-08:00	http://img.koreatimes.co.kr/upload/thumbnailV2/086e46057149483e9cfab8c062402b12.png
Khamenei says Assad's fall will not weaken Iran	Iran's supreme leader Ayatollah Ali Khamenei said Wednesday the weakening of the anti-Israel 'resistance' after the ouster of Bashar al-Assad in Syria would not diminish Tehran's power.	https://koreatimes.co.kr/www/nation/2024/12/501_388229.html?utm_source=fl	2024-12-11T03:46:11-08:00	http://img.koreatimes.co.kr/upload/thumbnailV2/6078fd3ae4b147e08c48b0bd8d2a7bb9.png
US defense secretary in Japan to support alliance as Osprey aircr...	U.S. Defense Secretary Lloyd Austin met with officials in Japan on Tuesday to reaffirm the importance of their alliance and Washington's commitment to regional security as threats rise from China and North Korea.	https://koreatimes.co.kr/www/nation/2024/12/501_388205.html?utm_source=fl	2024-12-11T00:17:12-08:00	http://img.koreatimes.co.kr/upload/thumbnailV2/3d7caf2a4abb472ea71d4a568d029f74.jpg
Death toll from contaminated infant IV feeding bags in Mexico ris...	Authorities in Mexico said Tuesday that a total of 17 children have died in central Mexico from suspected contamination of IV feeding bags after four more deaths were confirmed.	https://koreatimes.co.kr/www/nation/2024/12/501_388174.html?utm_source=fl	2024-12-10T18:47:13-08:00	http://img.koreatimes.co.kr/upload/thumbnailV2/5919374b9b6046c5b43fac3db11bbb53.png
UnitedHealth murder suspect has angry outburst as details of his ...	Luigi Mangione, the suspect charged with murder in the shooting of a top UnitedHealth executive, briefly struggled with officers and angrily shouted while being escorted into a Pennsylvania courthouse on Tuesday, as a clearer picture of his motives began to emerge a day after his arrest ended a massive manhunt.	https://koreatimes.co.kr/www/nation/2024/12/501_388177.html?utm_source=fl	2024-12-10T18:46:13-08:00	http://img.koreatimes.co.kr/upload/thumbnailV2/a76f6ef9a2034ccb89e10629f69ad26a.png
Russian Embassy in N. Korea hosts reception on ratification of mu...	The Russian Embassy in North Korea has hosted a reception to celebrate the ratification of a mutual defense treaty between the two nations, the North's state media reported Wednesday.	https://koreatimes.co.kr/www/nation/2024/12/103_388164.html?utm_source=fl	2024-12-10T16:47:11-08:00	http://img.koreatimes.co.kr/upload/thumbnailV2/574901b346d9424d8ddf055acbbf6b10.png
N. Korea reports S. Korea's martial law turmoil for 1st time	North Korea's state media on Wednesday reported on the martial law turmoil in South Korea for the first time, including the opposition's push to impeach President Yoon Suk Yeol, while blaming Yoon for causing nationwide chaos.	https://koreatimes.co.kr/www/nation/2024/12/103_388160.html?utm_source=fl	2024-12-10T15:47:11-08:00	http://img.koreatimes.co.kr/upload/thumbnailV2/f31a8e6fc45b415b9469181a71bfe7ab.jpg
Jordanian man returns home after 38 years in Syria's prisons	A Jordanian man has returned to his home country after spending 38 years in Syrian jails, an official said on Tuesday, after the fall of president Bashar al-Assad ended an agonising wait for his family.	https://koreatimes.co.kr/www/nation/2024/12/501_388148.html?utm_source=fl	2024-12-10T03:47:12-08:00	http://img.koreatimes.co.kr/upload/thumbnailV2/31e027385b744c6da90a5cdc5ad5e463.jpg
China sends largest naval fleet in decades to region, threat leve...	China is deploying its largest navy fleet in regional waters in nearly three decades, posing a threat to Taiwan that is more pronounced than previous Chinese war games, the Taiwanese defense ministry said on Tuesday.	https://koreatimes.co.kr/www/nation/2024/12/501_388113.html?utm_source=fl	2024-12-09T23:17:16-08:00	http://img.koreatimes.co.kr/upload/thumbnailV2/7bb868a680ac4890b7725244ef1e10f6.jpg
China's consumer inflation hits 5-month low, leaves room for more...	China's weak consumer price growth in November leaves plenty of room for further monetary policy easing, with earlier stimulus having eased fears of deflation, analysts said.	https://koreatimes.co.kr/www/nation/2024/12/672_388100.html?utm_source=fl	2024-12-09T22:17:11-08:00	http://img.koreatimes.co.kr/upload/thumbnailV2/ca0eb4b9f6864f3d8cb17a54295454ed.png
N. Korean media remain tight-lipped on martial law turmoil in Sou...	North Korea has not reported on last week's martial law declaration in South Korea or its fallout in the following week through Tuesday, including the opposition's push to impeach President Yoon Suk Yeol.	https://koreatimes.co.kr/www/nation/2024/12/103_388090.html?utm_source=fl	2024-12-09T20:47:10-08:00	http://img.koreatimes.co.kr/upload/thumbnailV2/190af1a5a6844e45b169fdc2b422f388.png
Google says it has cracked quantum computing challenge with new c...	Google on Monday said that it has overcome a key challenge in quantum computing with a new generation of chip, solving a computing problem in five minutes that would take a classical computer more time than the history of the universe.	https://koreatimes.co.kr/www/nation/2024/12/501_388076.html?utm_source=fl	2024-12-09T19:17:11-08:00	http://img.koreatimes.co.kr/upload/thumbnailV2/d415cc88b317416e8f49cddfb2cf625c.jpg
Nobel laureate warns Putin about danger of nuclear weapons	This year's Nobel Peace Prize laureate, Japan's atomic bomb survivors' group Nihon Hidankyo, on Monday urged Russia to stop issuing nuclear threats in a bid to prevail in its war in Ukraine.	https://koreatimes.co.kr/www/nation/2024/12/501_388084.html?utm_source=fl	2024-12-09T19:16:11-08:00	http://img.koreatimes.co.kr/upload/thumbnailV2/05958d07bad347c985d20a2af9ce2bd3.jpg
Australia-based S. Korean reunites with separated relatives in N....	A South Korean national residing in Australia traveled to North Korea and met with two nephews in October in the first privately arranged separated families reunion in five years, the South Korean unification ministry said Tuesday.	https://koreatimes.co.kr/www/nation/2024/12/103_388072.html?utm_source=fl	2024-12-09T18:17:11-08:00	http://img.koreatimes.co.kr/upload/thumbnailV2/a6877bfcab6b472c8daeba5cf24f6f36.jpg
With Syria's Assad gone, his PM agrees to hand power to rebel adm...	Ousted Syrian President Bashar al-Assad's prime minister said he had agreed on Monday to hand power to the rebel-led Salvation Government, a day after the rebels seized the capital Damascus and Assad fled to Russia.	https://koreatimes.co.kr/www/nation/2024/12/501_388074.html?utm_source=fl	2024-12-09T18:17:11-08:00	http://img.koreatimes.co.kr/upload/thumbnailV2/6039f35e14b54962a0bd162c51d71900.jpg
Trump promises to end birthright citizenship: What is it, could h...	President-elect Donald Trump has promised to end birthright citizenship as soon as he gets into office to make good on campaign promises aiming to restrict immigration and redefining what it means to be American.	https://koreatimes.co.kr/www/nation/2024/12/501_388070.html?utm_source=fl	2024-12-09T17:47:11-08:00	http://img.koreatimes.co.kr/upload/thumbnailV2/2c150e0011974f6c8ca9cdd176b0c5d0.jpg
Suspect in killing of UnitedHealth executive Brian Thompson in cu...	Authorities have arrested the man suspected of killing UnitedHealth executive Brian Thompson in a brazen shooting outside a Manhattan hotel last week, New York City officials said on Monday, ending a massive five-day manhunt.	https://koreatimes.co.kr/www/nation/2024/12/501_388071.html?utm_source=fl	2024-12-09T17:46:11-08:00	http://img.koreatimes.co.kr/upload/thumbnailV2/1cf765f162fc4ad48547869f3cdd4248.jpg
Top nuclear envoys of Seoul, Washington, Tokyo vow coordination a...	The top nuclear envoys of South Korea, the United States and Japan vowed close coordination Monday to manage 'future situations stably' in the event of any possible provocations by North Korea, Seoul's foreign ministry said.	https://koreatimes.co.kr/www/nation/2024/12/103_388047.html?utm_source=fl	2024-12-09T03:47:12-08:00	http://img.koreatimes.co.kr/upload/thumbnailV2/6a54e8dd54b640a0b937446aabd18b5c.jpg
Polarization' is Merriam-Webster's 2024 word of year	The results of the 2024 U.S. presidential election rattled the country and sent shockwaves across the world - or were cause for celebration, depending on who you ask. Is it any surprise then that the Merriam-Webster word of the year is 'polarization?'	https://koreatimes.co.kr/www/nation/2024/12/501_388046.html?utm_source=fl	2024-12-09T03:47:12-08:00	http://img.koreatimes.co.kr/upload/thumbnailV2/3acf411d98c641c58dec39a2fe3fc3ae.jpg
Kremlin refuses to confirm if Assad in Russia	The Kremlin declined on Monday to confirm reports that toppled Syrian president Bashar al-Assad had fled to Moscow, adding that it was 'surprised' by the rebel takeover.	https://koreatimes.co.kr/www/nation/2024/12/501_388043.html?utm_source=fl	2024-12-09T03:17:11-08:00	http://img.koreatimes.co.kr/upload/thumbnailV2/2fdbd0d9dcf74614992c7c87f1762755.jpg
Trump says he will not try to replace Fed's Powell	U.S. President-elect Donald Trump said in an interview aired on Sunday he will not try to replace Federal Reserve Chair Jerome Powell upon taking office in January.	https://koreatimes.co.kr/www/nation/2024/12/501_388013.html?utm_source=fl	2024-12-08T23:47:11-08:00	http://img.koreatimes.co.kr/upload/thumbnailV2/59af5a145d054c5bbd47681bdb9c52da.jpg
Jack Ma makes rare speech at Ant Group's 20th anniversary, predic...	Jack Ma, the founder of Alibaba Group Holding, gave a rare public speech at the 20th anniversary of the company's fintech affiliate Ant Group, saying he had faith in the 'next 20 years of Ant' and expects 'more miracles', according to Chinese media reports and people who were there.	https://koreatimes.co.kr/www/nation/2024/12/672_388025.html?utm_source=fl	2024-12-08T23:46:11-08:00	http://img.koreatimes.co.kr/upload/thumbnailV2/589737dd7243448e994433eb72ad21c4.jpg
Trump says he can't guarantee tariffs won't raise prices, won't r...	Donald Trump said he can't guarantee that his promised tariffs on key U.S. foreign trade partners won't raise prices for American consumers and he suggested once more that some political rivals and federal officials who pursued legal cases against him should be imprisoned.	https://koreatimes.co.kr/www/nation/2024/12/501_388027.html?utm_source=fl	2024-12-08T23:45:11-08:00	http://img.koreatimes.co.kr/upload/thumbnailV2/42461e3078244ce59b78b1ae6cb9d873.jpg
At Gulf bitcoin gathering, Trump family and allies to bask in cry...	Several key players in President-elect Donald Trump's new cryptocurrency venture head to Abu Dhabi on Monday for the largest bitcoin gathering in the Gulf region as the digital currency sets record highs. Speakers include the president-elect's son Eric and billionaire Steve Witkoff, the new White House envoy for the Middle East and co-founder of World Liberty Financial, a crypto platform launched in September that Donald Trump and his family helped form.	https://koreatimes.co.kr/www/nation/2024/12/501_388004.html?utm_source=fl	2024-12-08T21:47:11-08:00	http://img.koreatimes.co.kr/upload/thumbnailV2/a31531b8a71b43aa83b7e66b3c90cea7.jpg
Who is Abu Mohammed al-Golani, leader of the insurgency that topp...	Abu Mohammed al-Golani, the militant leader whose stunning insurgency toppled Syria’s President Bashar Assad, has spent years working to remake his public image , renouncing longtime ties to al-Qaida and depicting himself as a champion of pluralism and tolerance. As he entered Damascus behind his victorious fighters Sunday, he even dropped his nom de guerre and referred to himself with his real name, Ahmad al-Sharaa.	https://koreatimes.co.kr/www/nation/2024/12/501_387978.html?utm_source=fl	2024-12-08T17:47:11-08:00	http://img.koreatimes.co.kr/upload/thumbnailV2/e86d3948c9544545bace5ff60a219e53.jpg
Biden calls for Assad to be 'held accountable'	U.S. President Joe Biden on Sunday said deposed Syrian leader Bashar al-Assad should be 'held accountable' but called the nation's political upheaval a 'historic opportunity' for Syrians to rebuild their country.	https://koreatimes.co.kr/www/nation/2024/12/501_387970.html?utm_source=fl	2024-12-08T17:17:11-08:00	http://img.koreatimes.co.kr/upload/thumbnailV2/b97a892303de482e81939adbbe4e7525.jpg
Russia says Syria's Assad has left country and gave orders for pe...	The Russian foreign ministry said on Sunday that Syrian President Bashar al-Assad had left office and departed the country after giving orders there be a peaceful handover of power.	https://koreatimes.co.kr/www/nation/2024/12/501_387957.html?utm_source=fl	2024-12-08T04:47:11-08:00	http://img.koreatimes.co.kr/upload/thumbnailV2/46db429f21a34f35bc5cebf639018a28.jpg
Trump, Zelenskyy, Macron hold surprise meeting in Paris; Musk als...	U.S. President-elect Donald Trump and Ukrainian President Volodymyr Zelenskyy joined French President Emmanuel Macron for the official reopening Saturday of the famed Notre Dame Cathedral in Paris.	https://koreatimes.co.kr/www/nation/2024/12/501_387928.html?utm_source=fl	2024-12-07T22:17:11-08:00	http://img.koreatimes.co.kr/upload/thumbnailV2/f82d7063baa342f0af5125642861a65a.jpg
Syria rebels celebrate in captured Homs, set sights on Damascus	Syrian rebels announced they gained full control over the key city of Homs early on Sunday after only a day of fighting, leaving President Bashar al-Assad's 24-year rule dangling by a thread as insurgents marched on the capital, Damascus.	https://koreatimes.co.kr/www/nation/2024/12/501_387922.html?utm_source=fl	2024-12-07T21:17:12-08:00	http://img.koreatimes.co.kr/upload/thumbnailV2/41e7dc1f01184e79b520b1fa3d51ac0f.jpg
US unveils $988 mil. aid package for Ukraine including rockets, d...	The United States unveiled a $988 million aid package of new arms and equipment to Ukraine for its ongoing fight against Russia's invasion on Saturday.	https://koreatimes.co.kr/www/nation/2024/12/501_387924.html?utm_source=fl	2024-12-07T21:16:12-08:00	http://img.koreatimes.co.kr/upload/thumbnailV2/c947ac462bb24f90abcc5f91d3247f16.jpg
Rebels declare end of Assad rule in Syria	Islamist-led rebels declared that they have taken Damascus in a lightning offensive on Sunday, sending President Bashar al-Assad fleeing and ending five decades of Baath rule in Syria.	https://koreatimes.co.kr/www/nation/2024/12/501_387925.html?utm_source=fl	2024-12-07T21:15:12-08:00	http://img.koreatimes.co.kr/upload/thumbnailV2/46d4d49617f64fe89fdfb9c0f5d9b5a2.jpg
Open your doors': Notre Dame re-opens after five-year refit	France celebrated the re-opening of the newly restored Notre Dame cathedral on Saturday at a special church service that featured a standing ovation for the firefighters who saved the 12th-century landmark during a 2019 blaze.	https://koreatimes.co.kr/www/nation/2024/12/501_387918.html?utm_source=fl	2024-12-07T18:47:11-08:00	http://img.koreatimes.co.kr/upload/thumbnailV2/71c7840db49044a7a2f273ee4300de6d.jpg
Trump in Paris as Notre Dame reopens five years after blaze	U.S. president-elect Donald Trump on Saturday arrived in Paris to join other world leaders for the reopening of the French capital's Notre Dame cathedral, celebrating its remarkably rapid restoration half a decade after the devastating fire.	https://koreatimes.co.kr/www/nation/2024/12/501_387891.html?utm_source=fl	2024-12-07T00:47:11-08:00	http://img.koreatimes.co.kr/upload/thumbnailV2/41b031f19e23438eabdcd21549ab8682.jpg
Syrian rebels seize 4th city, close in on Homs in threat to Assad...	Syrian rebels said they seized control of the southern city of Daraa on Saturday, the birthplace of a 2011 uprising against President Bashar al-Assad and the fourth city his forces have lost in a week.	https://koreatimes.co.kr/www/nation/2024/12/501_387893.html?utm_source=fl	2024-12-07T00:46:11-08:00	http://img.koreatimes.co.kr/upload/thumbnailV2/391ba00788d34c4ebfc823aa2e525762.jpg
Hong Kong tightens airport health checks amid DR Congo mystery di...	Hong Kong authorities have stepped up health screening measures for all flights arriving from African transit hubs as they brace for risks of an unidentified disease that killed at least 79 in the Democratic Republic of Congo (DRC).	https://koreatimes.co.kr/www/nation/2024/12/672_387844.html?utm_source=fl	2024-12-05T23:17:12-08:00	http://img.koreatimes.co.kr/upload/thumbnailV2/1aa7b564f04c454bb402dfdc12a290ef.png
Trump names former Senator David Perdue to be ambassador to China	President-elect Donald Trump said Thursday he has selected former Sen. David Perdue of Georgia to serve as his ambassador to China, leaning on a former business executive turned politician to serve as the administration's envoy to America's most potent economic and military adversary.	https://koreatimes.co.kr/www/nation/2024/12/501_387848.html?utm_source=fl	2024-12-05T23:16:12-08:00	http://img.koreatimes.co.kr/upload/thumbnailV2/dfcf9be6dc954ca6a94effc26c4ab38d.jpg
Hong Kong tightens airport health checks amid DR Congo mystery di...	Hong Kong authorities have stepped up health screening measures for all flights arriving from African transit hubs as they brace for risks of an unidentified disease that killed at least 79 in the Democratic Republic of Congo (DRC).	https://koreatimes.co.kr/www/nation/2024/12/501_387844.html?utm_source=fl	2024-12-05T21:17:11-08:00	http://img.koreatimes.co.kr/upload/thumbnailV2/150cc115ad08475dbf3526ae1b0843ab.png
Who is President Yoon who imposed martial law?	Decades of achievement led Yoon Suk Yeol to the pinnacle of political power in South Korea, but his legacy may now rest on a single, baffling decision to send out troops under martial law over vague claims that one of Asia's leading democracies was under threat.	https://koreatimes.co.kr/www/nation/2024/12/501_387841.html?utm_source=fl	2024-12-05T20:47:10-08:00	http://img.koreatimes.co.kr/upload/thumbnailV2/bce0d4a48ea049e8bd539436b18affb8.jpg
France's Macron vows to stay on, promises PM in 'coming days'	President Emmanuel Macron on Thursday vowed to name a new prime minister in the coming days to prevent France from sliding deeper into political turmoil, rejecting growing pressure from the opposition to resign.	https://koreatimes.co.kr/www/nation/2024/12/501_387827.html?utm_source=fl	2024-12-05T18:17:11-08:00	http://img.koreatimes.co.kr/upload/thumbnailV2/15c02d7fc49d40f9a658011c1b8e43c1.jpg
N. Korea to hold parliamentary session next month to discuss cons...	North Korea will hold a key session of its rubber-stamp parliament next month to discuss a range of issues, including a constitutional amendment, the North's state media reported Friday.	https://koreatimes.co.kr/www/nation/2024/12/103_387826.html?utm_source=fl	2024-12-05T17:17:11-08:00	http://img.koreatimes.co.kr/upload/thumbnailV2/9ca0a4bb6131444da9522db3f2b47b07.png
Islamist-led rebels capture key Syrian city of Hama	Islamist-led rebel forces captured the central Syrian city of Hama on Thursday, overrunning forces loyal to President Bashar al-Assad only days after capturing Aleppo in a lightning offensive.	https://koreatimes.co.kr/www/nation/2024/12/501_387819.html?utm_source=fl	2024-12-05T05:47:11-08:00	http://img.koreatimes.co.kr/upload/thumbnailV2/1f2e4d08bc5b400c990968e2433bdef0.jpg
Macron hunts for new PM as government resignation looms	French President Emmanuel Macron was meeting allies and senior politicians on Thursday as he sought to swiftly appoint a new prime minister, a day after far-right and leftist lawmakers toppled Michel Barnier's minority government.	https://koreatimes.co.kr/www/nation/2024/12/501_387817.html?utm_source=fl	2024-12-05T05:17:11-08:00	http://img.koreatimes.co.kr/upload/thumbnailV2/96abb0d0bd7a49bf95c7f054c62bc995.jpg
European satellites launched to create artificial solar eclipses ...	A pair of European satellites rocketed into orbit Thursday on the first mission to create artificial solar eclipses through fancy formation flying in space.	https://koreatimes.co.kr/www/nation/2024/12/501_387818.html?utm_source=fl	2024-12-05T05:16:11-08:00	http://img.koreatimes.co.kr/upload/thumbnailV2/e67fb00612754401ba3dcca7c1881efd.jpg
Ukraine, Russian diplomats trade barbs at Malta summit	Ukraine's foreign minister called Russia's top diplomat Sergei Lavrov a 'war criminal' Thursday as they both attended an international summit in Malta, the latter's first visit to an EU member since the 2022 invasion.	https://koreatimes.co.kr/www/nation/2024/12/501_387816.html?utm_source=fl	2024-12-05T04:47:12-08:00	http://img.koreatimes.co.kr/upload/thumbnailV2/d68dbf848797460b9a701a247249f2e4.jpg
Trump picks Musk ally Jared Isaacman to head NASA	U.S. President-elect Donald Trump on Wednesday tapped Jared Isaacman to lead NASA, selecting a billionaire private astronaut and business associate of Elon Musk to oversee an agency closely linked to the SpaceX founder's business.	https://koreatimes.co.kr/www/nation/2024/12/501_387791.html?utm_source=fl	2024-12-04T23:17:11-08:00	http://img.koreatimes.co.kr/upload/thumbnailV2/444aebebe01c4d0496cbdd47c9761247.png
UnitedHealth executive killed in Manhattan in targeted attack	Brian Thompson, the CEO of UnitedHealth's insurance unit, was killed on Wednesday morning outside a Midtown Manhattan hotel in what police described as a targeted attack by a gunman lying in wait for him.	https://koreatimes.co.kr/www/nation/2024/12/501_387781.html?utm_source=fl	2024-12-04T22:47:10-08:00	http://img.koreatimes.co.kr/upload/thumbnailV2/4edbea0d6c444486bc0eedd085106491.jpg
Barnier, France's shortest-serving prime minister	Ousted Prime Minister Michel Barnier, who was toppled in a historic no-confidence vote on Wednesday, made extraordinary calm his trademark across a half-century in politics, but goes down as the shortest-serving PM in French history.	https://koreatimes.co.kr/www/nation/2024/12/501_387783.html?utm_source=fl	2024-12-04T22:46:10-08:00	http://img.koreatimes.co.kr/upload/thumbnailV2/77b616156eb649388cffb83b7a06ca4f.jpg
N. Korea-Russia defense treaty goes into effect Dec. 4: state med...	A new defense treaty signed by the leaders of North Korea and Russia in June came into force this week as the two nations have exchanged the treaty ratification instruments, state media reported Thursday.	https://koreatimes.co.kr/www/nation/2024/12/103_387746.html?utm_source=fl	2024-12-04T16:17:12-08:00	http://img.koreatimes.co.kr/upload/thumbnailV2/88026c0a655240a08b53e531f90098ed.jpg
Russia supporting N.Korea nuclear program in exchange for troops:...	NATO chief Mark Rutte said Wednesday that Russia was giving support to North Korea's missile and nuclear programs in exchange for Pyongyang sending troops to fight in the war with Ukraine.	https://koreatimes.co.kr/www/nation/2024/12/103_387737.html?utm_source=fl	2024-12-04T05:17:13-08:00	http://img.koreatimes.co.kr/upload/thumbnailV2/7115e52b044b4e6bb1599e97f831817b.png
Search extends into night for Pennsylvania woman who may have fal...	A grandmother looking for her lost cat apparently fell into a sinkhole that had recently opened above an abandoned western Pennsylvania coal mine and rescuers worked late into the night Tuesday to try and find her.	https://koreatimes.co.kr/www/nation/2024/12/501_387692.html?utm_source=fl	2024-12-04T00:17:11-08:00	http://img.koreatimes.co.kr/upload/thumbnailV2/cf94ec95bacb49d3ba26e5f2cfb10073.png
Intel approaches candidates for CEO role, including former board ...	Intel has started evaluating a handful of outsiders, including former board member Lip-Bu Tan, for the role of chief executive after the struggling American chipmaking icon ousted company veteran Pat Gelsinger, according to people familiar with the matter.	https://koreatimes.co.kr/www/nation/2024/12/501_387693.html?utm_source=fl	2024-12-04T00:16:11-08:00	http://img.koreatimes.co.kr/upload/thumbnailV2/231bff6fb2304e1bb45b6c065f6dfd79.png
Korea vows 'unlimited' liquidity measures after political turmoil...	Korea's finance ministry said on Wednesday it is ready to deploy 'unlimited' liquidity into financial markets if needed after President Yoon Suk Yeol lifted a martial law declaration he imposed overnight that pushed the won to multi-year lows.	https://koreatimes.co.kr/www/nation/2024/12/501_387655.html?utm_source=fl	2024-12-03T16:47:11-08:00	http://img.koreatimes.co.kr/upload/thumbnailV2/75d77a3f20ee462295b2b3b139cf52e2.jpg
Unification ministry says to focus on stable management of situat...	The unification ministry said Wednesday it will focus on stably managing the situation with North Korea while adhering to its principle-based policy toward Pyongyang, following the short-lived declaration of martial law.	https://koreatimes.co.kr/www/nation/2024/12/103_387653.html?utm_source=fl	2024-12-03T16:17:11-08:00	http://img.koreatimes.co.kr/upload/thumbnailV2/6144316ba7eb4281a3b627ab0339915b.jpg
US urges citizens in Korea to avoid areas where protests taking p...	U.S. citizens in Korea should avoid areas where protests are taking place, the Embassy in Seoul said in a statement, after Korean President Yoon Suk Yeo declared martial law and then reversed course. (Reuters)	https://koreatimes.co.kr/www/nation/2024/12/501_387649.html?utm_source=fl	2024-12-03T14:47:12-08:00	http://img.koreatimes.co.kr/upload/thumbnailV2/74eb5274d76e4ea6970d09125a66f193.jpg
Meta says no sign of AI bedeviling elections in 2024	Meta said Tuesday that fears that artificial intelligence would unleash a torrent of misinformation to deceive voters around the world did not come true as elections played out around the world this year.	https://koreatimes.co.kr/www/nation/2024/12/501_387614.html?utm_source=fl	2024-12-03T05:47:12-08:00	http://img.koreatimes.co.kr/upload/thumbnailV2/e0050ba7b7664b54b43a30be2f8df5f1.jpg
Notre Dame to reopen this week with Trump in attendance	Notre Dame cathedral will reopen in Paris on Saturday with incoming U.S. president Donald Trump set to attend the ceremony marking the resurrection of the Gothic masterpiece five years after a devastating fire.	https://koreatimes.co.kr/www/nation/2024/12/501_387613.html?utm_source=fl	2024-12-03T05:17:11-08:00	http://img.koreatimes.co.kr/upload/thumbnailV2/d9846be195fc4a80969fdc985d5fdf0f.png
China bans exports of gallium, germanium, antimony to US	China announced Tuesday it is banning exports to the United States of gallium, germanium, antimony and other key high-tech materials with potential military applications, as a general principle, lashing back at U.S. limits on semiconductor-related exports.	https://koreatimes.co.kr/www/nation/2024/12/501_387604.html?utm_source=fl	2024-12-03T04:17:13-08:00	http://img.koreatimes.co.kr/upload/thumbnailV2/f9c827e4c27044558bbfeabc3a41962f.jpg
Nearly 60 percent of int'l respondents doubt North Korea will den...	Nearly 60 percent of international survey respondents are skeptical about the possibility of North Korea giving up its nuclear weapons as the reclusive country continues to advance its nuclear and missile programs, results showed Tuesday.	https://koreatimes.co.kr/www/nation/2024/12/103_387583.html?utm_source=fl	2024-12-02T23:47:12-08:00	http://img.koreatimes.co.kr/upload/thumbnailV2/c3e6edd27fe945899f360eb4faa48717.jpg
Trump reiterates opposition to Nippon Steel's takeover of US Stee...	U.S. President-elect Donald Trump said on Monday a series of tax incentives and tariffs will revive storied American firm U.S. Steel, as he reiterated his opposition to Nippon Steel's planned $15 billion purchase of the company.	https://koreatimes.co.kr/www/nation/2024/12/501_387570.html?utm_source=fl	2024-12-02T23:47:12-08:00	http://img.koreatimes.co.kr/upload/thumbnailV2/6f5ce3b46cf540a680a47eb7d890bd7d.jpg
Seoul urges N. Korea to 'unconditionally' release detained S. Kor...	The unification ministry on Tuesday called on North Korea to 'immediately and unconditionally' release Choi Chun-gil, a South Korean missionary detained in North Korea and five other nationals on the occasion of marking 10 years since his arrest.	https://koreatimes.co.kr/www/nation/2024/12/103_387545.html?utm_source=fl	2024-12-02T19:17:11-08:00	http://img.koreatimes.co.kr/upload/thumbnailV2/8e0555d8746a45b28c0e361169ee6fc3.png
Russia used some 60 N. Korean ballistic missiles in Ukraine war: ...	Russia is believed to have used some 60 ballistic missiles provided by North Korea in the war against Ukraine, a Ukrainian media outlet has reported, citing its intelligence authorities.	https://koreatimes.co.kr/www/nation/2024/12/103_387537.html?utm_source=fl	2024-12-02T18:47:11-08:00	http://img.koreatimes.co.kr/upload/thumbnailV2/42ffa7d20e3641d5aeb90841e0d22fa7.png
French government faces no-confidence vote over Barnier's austeri...	French Prime Minister Michel Barnier is bracing for a no-confidence vote this week, a political reckoning almost certain to topple his fragile government and send shockwaves across the eurozone.	https://koreatimes.co.kr/www/nation/2024/12/501_387532.html?utm_source=fl	2024-12-02T18:47:11-08:00	http://img.koreatimes.co.kr/upload/thumbnailV2/d3ee3374a5744d57b2e7016cecae924b.jpg
US urges push for Syria de-escalation	The United States called Monday for de-escalation in Syria, where an Islamist-led rebel alliance has wrested swathes of territory from the control of President Bashar al-Assad's government in a lightning offensive.	https://koreatimes.co.kr/www/nation/2024/12/501_387528.html?utm_source=fl	2024-12-02T17:47:11-08:00	http://img.koreatimes.co.kr/upload/thumbnailV2/d0c251e877814b7bbfcccd14591e3b1c.jpg
Latest US clampdown on China's chips hits semiconductor toolmaker...	The United States on Monday launched its third crackdown in three years on China's semiconductor industry, curbing exports to 140 companies, including chip equipment maker Naura Technology Group, among other moves.	https://koreatimes.co.kr/www/nation/2024/12/501_387529.html?utm_source=fl	2024-12-02T17:46:11-08:00	http://img.koreatimes.co.kr/upload/thumbnailV2/240d668f2d9a442f9c54e32269894980.jpg
Hezbollah attack draws Israeli strikes on Lebanon, killing 11 peo...	Israel unleashed its largest wave of airstrikes across Lebanon since agreeing to a ceasefire with Hezbollah last week, killing at least 11 people on Monday after the Lebanese militant group fired a volley of projectiles as a warning over what it said were Israeli truce violations .	https://koreatimes.co.kr/www/nation/2024/12/501_387530.html?utm_source=fl	2024-12-02T17:45:11-08:00	http://img.koreatimes.co.kr/upload/thumbnailV2/7b3c7d9c1293400ebecbf0f73ac5f656.png
N. Korea's weather agency officials visit Russia	A delegation of North Korean weather agency officials has left for Russia, the North's state media reported Tuesday, as Pyongyang and Moscow have been expanding cooperation in various fields.	https://koreatimes.co.kr/www/nation/2024/12/103_387522.html?utm_source=fl	2024-12-02T17:17:12-08:00	http://img.koreatimes.co.kr/upload/thumbnailV2/01a556ef02a74c7ea44107c10b629552.png
US calls NK troops in combat against Ukraine 'legitimate ' target...	A U.S. State Department spokesperson reiterated Monday that North Korean troops in combat against Ukrainian forces are 'legitimate' targets, amid news reports about troop casualties on the battlefield.	https://koreatimes.co.kr/www/nation/2024/12/103_387520.html?utm_source=fl	2024-12-02T15:47:13-08:00	http://img.koreatimes.co.kr/upload/thumbnailV2/50ef88eed23d4bf8bc109638a500cf02.jpg
N. Korea to convene key party meeting in late December weeks ahea...	North Korea has decided to convene a plenary meeting of the ruling Workers' Party of Korea (WPK) late this month, state media reported Tuesday, amid anticipation as to what message the North will send toward U.S. President-elect Donald Trump.	https://koreatimes.co.kr/www/nation/2024/12/103_387519.html?utm_source=fl	2024-12-02T15:17:11-08:00	http://img.koreatimes.co.kr/upload/thumbnailV2/ef19fc83fca94ea89d4cbe3c4fc567af.jpg
Philippine groups seek impeachment of Vice President Duterte	Philippine civil society and religious leaders asked Congress on Monday to impeach Vice President Sara Duterte over a list of complaints that include graft, incompetence and amassing ill-gotten wealth while in office.	https://koreatimes.co.kr/www/nation/2024/12/683_387517.html?utm_source=fl	2024-12-02T04:47:13-08:00	http://img.koreatimes.co.kr/upload/thumbnailV2/7fb774f92f014289ab72ccd0e872dc82.jpg
China condemns Lithuania's expulsion of its diplomats	China on Monday condemned Lithuania’s expulsion of three Chinese diplomats as relations between the two countries continue to sour.	https://koreatimes.co.kr/www/nation/2024/12/501_387516.html?utm_source=fl	2024-12-02T04:17:12-08:00	http://img.koreatimes.co.kr/upload/thumbnailV2/5f59270c5912400bb0a9ef18e56ffb23.jpg
Biden pardons his son Hunter despite previous pledges not to	President Joe Biden pardoned his son, Hunter, on Sunday night, sparing the younger Biden a possible prison sentence for federal felony gun and tax convictions and reversing his past promises not to use the extraordinary powers of the presidency for the benefit of his family.	https://koreatimes.co.kr/www/nation/2024/12/501_387513.html?utm_source=fl	2024-12-02T03:17:13-08:00	http://img.koreatimes.co.kr/upload/thumbnailV2/75a44f98150c46f7b9677143901ef365.jpg
Chief of International Criminal Court lashes out at US and Russia...	The president of the International Criminal Court lashed out at the United States and Russia for interfering with its investigations, calling threats and attacks on the court 'appalling.'	https://koreatimes.co.kr/www/nation/2024/12/501_387514.html?utm_source=fl	2024-12-02T03:16:13-08:00	http://img.koreatimes.co.kr/upload/thumbnailV2/b5fdf55c0d4946e89ba03a2c9b042660.jpg
[ANALYSIS] Global push for cooperation as space traffic crowds Ea...	The rapid increase in satellites and space junk will make low Earth orbit unusable unless companies and countries cooperate and share the data needed to manage that most accessible region of space, experts and industry insiders said.	https://koreatimes.co.kr/www/nation/2024/12/501_387460.html?utm_source=fl	2024-12-02T00:17:11-08:00	http://img.koreatimes.co.kr/upload/thumbnailV2/85d9616c14fe427fb1f1c2c0de17dc53.jpg
Meta tightens ad rules to curb financial scams aimed at Australia...	Instagram and Facebook-owner Meta Platforms said on Monday it had introduced stricter rules for advertisers of financial products and services targeting Australians, in a bid to crack down on scams on the social media platforms.	https://koreatimes.co.kr/www/nation/2024/12/501_387465.html?utm_source=fl	2024-12-02T00:16:11-08:00	http://img.koreatimes.co.kr/upload/thumbnailV2/f668c4b6dbcf41fea73eb5f00b586b7e.png
OpenAI's Altman confident Trump will keep US in AI lead	OpenAI CEO Sam Altman on Sunday expressed confidence that U.S. President-elect Donald Trump's administration would support the artificial intelligence sector to ensure the United States and its allies continue to lead it.	https://koreatimes.co.kr/www/nation/2024/12/501_387486.html?utm_source=fl	2024-12-01T23:17:11-08:00	http://img.koreatimes.co.kr/upload/thumbnailV2/8d9fba0a14244bba9c783f2ac5bc7a4b.jpg
N. Korea demolishing S. Korean-built golf course clubhouse at Mou...	North Korea has been demolishing a golf course clubhouse built by a South Korean firm at the Mount Kumgang resort, leaving only a few facilities intact in the area, South Korea's unification ministry said Monday.	https://koreatimes.co.kr/www/nation/2024/12/103_387472.html?utm_source=fl	2024-12-01T22:17:11-08:00	http://img.koreatimes.co.kr/upload/thumbnailV2/4b1e87392c494a9db7c45716ee9ce137.png
Syria launches counterattacks in an attempt to halt insurgency, a...	The Syrian military rushed reinforcements to the northwest and launched airstrikes Sunday in an attempt to push back insurgents who seized the country’s largest city of Aleppo, as Iran pledged to help the government counter the surprise offensive.	https://koreatimes.co.kr/www/nation/2024/12/501_387440.html?utm_source=fl	2024-12-01T18:17:11-08:00	http://img.koreatimes.co.kr/upload/thumbnailV2/a9d7caee16c9452aad8c8bdf44bb2538.jpg
Stellantis CEO Carlos Tavares abruptly quits as US Jeep, Ram sale...	Stellantis Chief Executive Carlos Tavares resigned abruptly on Sunday, two months after a profit warning at the maker of Jeep, Fiat and Peugeot cars that has lost around 40 percent of its value this year.	https://koreatimes.co.kr/www/nation/2024/12/501_387445.html?utm_source=fl	2024-12-01T18:16:11-08:00	http://img.koreatimes.co.kr/upload/thumbnailV2/e75ba5f236254b41a245d8d777cbdc28.jpg
Trump names Lebanese-American businessman Massad Boulos as Middle...	U.S. President-elect Donald Trump on Sunday named Lebanese-American businessman Massad Boulos as his senior advisor on Arab and Middle Eastern affairs, the latest family member to be appointed to a key position.	https://koreatimes.co.kr/www/nation/2024/12/501_387439.html?utm_source=fl	2024-12-01T17:47:11-08:00	http://img.koreatimes.co.kr/upload/thumbnailV2/e591298b781940c1985e81c4eabe31b3.jpg
Zelenskyy says NK troops deployed to western Russia killed, injur...	Ukrainian President Volodymyr Zelenskyy has said North Korean soldiers deployed to western Russia have been killed or injured during combat against Ukrainian forces, adding to global criticism they will be used as 'cannon fodder' for Moscow, a Japanese report showed.	https://koreatimes.co.kr/www/nation/2024/12/103_387435.html?utm_source=fl	2024-12-01T16:47:11-08:00	http://img.koreatimes.co.kr/upload/thumbnailV2/4adc8cde084e46cdadf227673acb5b78.jpg
UN says it is halting aid deliveries through main Gaza crossing b...	The U.N. agency for Palestinian refugees said Sunday it is halting aid deliveries through the main cargo crossing into the war-ravaged Gaza Strip because of the threat of armed gangs who have looted recent convoys. It blamed the breakdown of law and order in large part on Israeli policies.	https://koreatimes.co.kr/www/nation/2024/12/501_387428.html?utm_source=fl	2024-12-01T04:17:11-08:00	http://img.koreatimes.co.kr/upload/thumbnailV2/7ccaf1cdc0374bd797815e6a6fd54433.png
Syria sends in reinforcements to halt insurgents from advancing a...	The Syrian military rushed in reinforcements Sunday to push back insurgents from advancing farther into the northern Hama countryside after they seized Aleppo and surrounding strategic locations in an adjacent province in a surprise offensive.	https://koreatimes.co.kr/www/nation/2024/12/501_387427.html?utm_source=fl	2024-12-01T03:47:11-08:00	http://img.koreatimes.co.kr/upload/thumbnailV2/60a9e5a463b44e6dabdee061b8a16e1d.png
Iraq MPs to debate revised bill after outcry over underage marria...	Iraq's parliament will review contentious legal amendments Sunday, including a reworked family law bill that has sparked civil society outrage over fears of a resurgence in underage marriages.	https://koreatimes.co.kr/www/nation/2024/12/501_387426.html?utm_source=fl	2024-12-01T03:17:11-08:00	http://img.koreatimes.co.kr/upload/thumbnailV2/349c11fb969847e0a07d1244f0a8e604.png
Putin signs off record Russian defense spending	Russian President Vladimir Putin approved budget plans, raising 2025 military spending to record levels as Moscow seeks to prevail in the war in Ukraine .	https://koreatimes.co.kr/www/nation/2024/12/501_387425.html?utm_source=fl	2024-12-01T02:47:11-08:00	http://img.koreatimes.co.kr/upload/thumbnailV2/b658b05c83474f4db2ab273e50f56a23.png
Forced labor drives North Korea's wig exports: report	Approximately 70 percent of North Korean wigs, destined for exports to generate much-needed cash, are produced through forced labor by women in correctional facilities, according to a recent report released by the Citizens' Alliance for North Korean Human Rights.	https://koreatimes.co.kr/www/nation/2024/12/103_387411.html?utm_source=fl	2024-11-30T23:47:11-08:00	http://img.koreatimes.co.kr/upload/thumbnailV2/d6dec839d6814906b4ba34843d16d045.jpg
Syrian rebels sweep into Aleppo, Russia conducts strikes in suppo...	The Syrian army said on Saturday dozens of its soldiers had been killed in a major attack led by Islamist Hayat Tahrir al-Sham rebels who swept into the city of Aleppo, forcing the army to redeploy in the biggest challenge to President Bashar al-Assad in years.	https://koreatimes.co.kr/www/nation/2024/12/501_387405.html?utm_source=fl	2024-11-30T22:47:11-08:00	http://img.koreatimes.co.kr/upload/thumbnailV2/efcf68e402be43d58f1acf333221c868.jpg
China sentences journalist detained at meal with Japanese diploma...	A court in Beijing on Friday sentenced a prominent Chinese journalist to seven years in prison for espionage, his family said.	https://koreatimes.co.kr/www/nation/2024/12/501_387397.html?utm_source=fl	2024-11-30T22:17:11-08:00	http://img.koreatimes.co.kr/upload/thumbnailV2/bbff5c6796e74401baa758e546f25b02.jpg
Why S. Korea is now bigger player in US-China cyberwarfare	For three days earlier this year, defense personnel from more than 20 NATO and Indo-Pacific countries descended on the South Korean capital to work out what a regional cyberwar might look like.	https://koreatimes.co.kr/www/nation/2024/12/672_387398.html?utm_source=fl	2024-11-30T22:16:11-08:00	http://img.koreatimes.co.kr/upload/thumbnailV2/fe45090bd54a4412acb36326bc3d18b0.jpg
Russia's defense chief departs Pyongyang after 2-day visit: KCNA	Russia's Defense Minister Andrei Belousov has left Pyongyang after a two-day visit during which he met with North Korean leader Kim Jong-un, the North's state media reported Sunday.	https://koreatimes.co.kr/www/nation/2024/12/103_387389.html?utm_source=fl	2024-11-30T18:17:11-08:00	http://img.koreatimes.co.kr/upload/thumbnailV2/065f32dccd674f3cb557ccb5cf7215c1.png
Protesters gather for 3rd night of demonstrations after Georgia a...	Protesters gathered across Georgia on Saturday night in a third straight night of demonstrations against the government’s decision to suspend negotiations to join the European Union.	https://koreatimes.co.kr/www/nation/2024/12/501_387386.html?utm_source=fl	2024-11-30T17:47:11-08:00	http://img.koreatimes.co.kr/upload/thumbnailV2/c2ee39b2544f40fba7fc742122b29674.jpg
Trump threatens 100% tariff on BRICS countries over currency plan...	President-elect Donald Trump on Monday threatened to impose a 100 percent tariff on the BRICS group nations if they undercut the U.S. dollar.	https://koreatimes.co.kr/www/nation/2024/12/501_387387.html?utm_source=fl	2024-11-30T17:46:11-08:00	http://img.koreatimes.co.kr/upload/thumbnailV2/4fa68330a6b34f3793091a07f48e8910.jpg
Over 100 countries back plastic treaty caps as talks reach fierce...	Negotiators aiming for an international treaty to curb plastic pollution are set for fierce debate on the last day of scheduled talks, as over 100 countries supportive of a pact that would cap plastic production face off against a handful of oil-producing countries who want it focused just on waste.	https://koreatimes.co.kr/www/nation/2024/12/501_387380.html?utm_source=fl	2024-11-30T16:47:11-08:00	http://img.koreatimes.co.kr/upload/thumbnailV2/9c64a76133f443dd9a83d6ca370b5c38.jpg
Canada's Trudeau returns home after Trump meeting without assuran...	Canadian Prime Minister Justin Trudeau returned home Saturday after his meeting with Donald Trump without assurances the president-elect will back away from threatened tariffs on all products from the major American trading partner. Trump called the talks 'productive' but signaled no retreat from a pledge that Canada says unfairly lumps it in with Mexico over the flow of drugs and migrants into the United States.	https://koreatimes.co.kr/www/nation/2024/12/501_387378.html?utm_source=fl	2024-11-30T15:47:10-08:00	http://img.koreatimes.co.kr/upload/thumbnailV2/de1e16229b6c4bd7b227fe9cf2be4976.png
NK leader calls for regions' efforts for independent development	North Korean leader Kim Jong-un has visited an offshore fishing farm under construction in the eastern port city of Sinpho, calling for regions to use their own natural and economic resources in a bid to develop themselves independently, state media reported Tuesday.	https://koreatimes.co.kr/www/nation/2024/12/103_387050.html?utm_source=fl	2024-11-30T07:17:11-08:00	http://img.koreatimes.co.kr/upload/thumbnailV2/5f1f2ec2f5c2456eb33cfe34a7c685bf.jpg
Trump promises 25% tariff on Mexico and Canada, extra 10% tariff ...	U.S. President-elect Donald Trump on Monday pledged a 25 percent tariff on all products from Mexico and Canada from his first day in office, and an additional 10 percent tariff on goods from China, citing illegal immigration and the trade of illicit drugs.	https://koreatimes.co.kr/www/nation/2024/12/501_387064.html?utm_source=fl	2024-11-30T07:17:11-08:00	http://img.koreatimes.co.kr/upload/thumbnailV2/2c1ba5bb795649aba92476ba70cc3014.png
N. Korea cuts power lines supplying electricity to shuttered Kaes...	North Korea has cut power lines installed by South Korea to supply electricity to a now-shuttered joint industrial park in the North Korean border city of Kaesong, South Korea's military said, the latest in Pyongyang's move to sever inter-Korean ties.	https://koreatimes.co.kr/www/nation/2024/12/103_387059.html?utm_source=fl	2024-11-30T07:16:11-08:00	http://img.koreatimes.co.kr/upload/thumbnailV2/ccc5ccc1deca4aecb7c7acbd37a40bd8.png
Judge tosses Trump 2020 election case after prosecutors' request	A U.S. judge on Monday dismissed the federal criminal case accusing Donald Trump of attempting to overturn his 2020 election defeat after prosecutors moved to drop that prosecution and a second case against the president-elect, citing Justice Department policy against prosecuting a sitting president.	https://koreatimes.co.kr/www/nation/2024/12/501_387067.html?utm_source=fl	2024-11-30T07:16:11-08:00	http://img.koreatimes.co.kr/upload/thumbnailV2/6bd81236b445482998943f24bf93828a.jpg
N. Korea sent 100 ballistic missiles, military specialists to Rus...	North Korea has supplied more than 100 KN-23 and KN-24 ballistic missiles, and dispatched military specialists to Russia in support of its war with Ukraine, a Ukrainian defense intelligence unit has said.	https://koreatimes.co.kr/www/nation/2024/12/103_387088.html?utm_source=fl	2024-11-30T07:15:11-08:00	http://img.koreatimes.co.kr/upload/thumbnailV2/e7c5fc4956464b09933bc894fa08a64e.png
Israel to decide on ceasefire as US says deal 'close'	Israel's security cabinet was preparing to decide whether to accept a proposed cease-fire in its war with Hezbollah, an official said Monday, as the White House announced it believed a deal to end the fighting in Lebanon was near.	https://koreatimes.co.kr/www/nation/2024/12/501_387069.html?utm_source=fl	2024-11-30T07:15:11-08:00	http://img.koreatimes.co.kr/upload/thumbnailV2/030b183eb4ed425bbe54079db5972449.jpg
N. Koreans made 'loyalty oath' on Kim Jong-un's birthday, not Jan...	North Koreans were ordered to make a 'loyalty oath' on Jan. 8, leader Kim Jong-un's birthday, not on the first day of this year, as the North seeks to bolster the personality cult for Kim, South Korea's unification ministry said Tuesday.	https://koreatimes.co.kr/www/nation/2024/12/103_387097.html?utm_source=fl	2024-11-30T07:14:11-08:00	http://img.koreatimes.co.kr/upload/thumbnailV2/cc29ac3a83d049febbffe17d3f99afda.jpg
Newsom says California could offer electric vehicle rebates if Tr...	California could offer rebates for electric vehicle purchases if the incoming Trump administration eliminates a federal tax credit for people who buy electric cars, Gov. Gavin Newsom said Monday.	https://koreatimes.co.kr/www/nation/2024/12/501_387104.html?utm_source=fl	2024-11-30T07:14:11-08:00	http://img.koreatimes.co.kr/upload/thumbnailV2/3801b4be181d4407847ec29ff0771ad8.jpg
NK tightens control to quell unrest over troop dispatch to Russia	North Korea is intensifying internal control over its military and citizens in what seems to be an effort to suppress any dissent regarding the regime's troop deployment to support Russia's war against Ukraine, the Ministry of Unification said, Tuesday.	https://koreatimes.co.kr/www/nation/2024/12/103_387113.html?utm_source=fl	2024-11-30T07:13:11-08:00	http://img.koreatimes.co.kr/upload/thumbnailV2/a2e8253ddda54ab092fee3433404431f.jpg
Musk's Neuralink to launch feasibility trial with brain implant, ...	Elon Musk's brain technology startup Neuralink said on Monday it has received approval to launch a new feasibility study using its brain implant and an experimental robotic arm.	https://koreatimes.co.kr/www/nation/2024/12/501_387119.html?utm_source=fl	2024-11-30T07:13:11-08:00	http://img.koreatimes.co.kr/upload/thumbnailV2/30dbeb2076b14e9b91c38361f5245ef3.jpg
NK leader's sister again denounces 'political agitation' leaflets...	The powerful sister of North Korean leader Kim Jong-un on Tuesday denounced 'political agitation' leaflets, accusing South Korea of sending them across the border.	https://koreatimes.co.kr/www/nation/2024/12/103_387129.html?utm_source=fl	2024-11-30T07:12:11-08:00	http://img.koreatimes.co.kr/upload/thumbnailV2/4b533c0413af435090ef7f6a9b2a0411.jpg
UN head say social media, AI fuelling 'worst human impulses'	Uncontrolled social media networks and artificial intelligence amplify the worst human impulses, allowing hate speech to spread like wildfire and ignite violence, UN secretary general Antonio Guterres said on Tuesday.	https://koreatimes.co.kr/www/nation/2024/12/501_387133.html?utm_source=fl	2024-11-30T07:12:11-08:00	http://img.koreatimes.co.kr/upload/thumbnailV2/f1afc7757a8d407b827ee2f1250d9ba2.jpg
Trump team considers 'direct talks' with N. Korea's Kim: report	President-elect Donald Trump's team is considering 'pursuing direct talks' with North Korean leader Kim Jong-un in hopes of reducing the risks of armed conflict, Reuters has reported.	https://koreatimes.co.kr/www/nation/2024/12/103_387137.html?utm_source=fl	2024-11-30T07:11:11-08:00	http://img.koreatimes.co.kr/upload/thumbnailV2/7d51b23696a44bfeba5b45e42f78f114.jpg
As Arctic climate warms, even Santa runs short of snow	With a month to go until Christmas, Santa Claus is busy preparing, but the warming climate and lack of snow in his Arctic hometown have him worried.	https://koreatimes.co.kr/www/nation/2024/12/501_387134.html?utm_source=fl	2024-11-30T07:11:11-08:00	http://img.koreatimes.co.kr/upload/thumbnailV2/fbcca50bda7d433da83a7080d39437ed.png
CCTV cameras spotted in NK classrooms, potentially signaling incr...	Closed-circuit television (CCTV) cameras have been spotted in classrooms of a newly completed high school in Pyongyang, footage from state media showed Wednesday, signaling a potential increase in scrutiny of young generations against exposure to outside influence.	https://koreatimes.co.kr/www/nation/2024/12/103_387171.html?utm_source=fl	2024-11-30T07:10:11-08:00	http://img.koreatimes.co.kr/upload/thumbnailV2/5ed2c34664044503b99aa66f0f7f07de.jpg
Israel bombards Beirut suburbs as its leadership prepares to vote...	Israeli warplanes struck buildings in Beirut’s suburbs and in a southern Lebanese city Tuesday, as Israel’s security Cabinet prepared to vote on a U.S.-brokered ceasefire proposal aimed at ending more than a year of fighting with Hezbollah.	https://koreatimes.co.kr/www/nation/2024/12/501_387136.html?utm_source=fl	2024-11-30T07:10:11-08:00	http://img.koreatimes.co.kr/upload/thumbnailV2/6a8f8eb0f3814c6d92628c2a493dec69.jpg
NK envoy sidesteps question on troop deployment to Russia at UNSC...	North Korea's chief envoy to the United Nations has sidestepped a question confirming the country's troop deployment to Russia during a U.N. meeting, instead reiterating that his country will continue to develop relations with Russia.	https://koreatimes.co.kr/www/nation/2024/12/103_387239.html?utm_source=fl	2024-11-30T07:09:11-08:00	http://img.koreatimes.co.kr/upload/thumbnailV2/8b6d555aca204b7e852fb1031b77c6f7.jpg
Israel, Lebanon's Hezbollah agree to ceasefire after nearly 14 mo...	Israel approved a ceasefire agreement with Lebanon's Hezbollah militants on Tuesday that would end nearly 14 months of fighting linked to the war in the Gaza Strip.	https://koreatimes.co.kr/www/nation/2024/12/501_387148.html?utm_source=fl	2024-11-30T07:09:11-08:00	http://img.koreatimes.co.kr/upload/thumbnailV2/e27d87ac597c499b96ad5670290f2b2f.jpg
N. Korea sends about 40 trash-filled balloons toward S. Korea: JC...	South Korea's military said Friday North Korea has sent around 40 balloons filled with trash across the border into the South since the previous night, with most of them landing in the broader capital area.	https://koreatimes.co.kr/www/nation/2024/12/103_387306.html?utm_source=fl	2024-11-30T07:08:11-08:00	http://img.koreatimes.co.kr/upload/thumbnailV2/d1f922f2f1f74b40a9e9747ad26ca26f.jpg
Russia accelerates advance in Ukraine's east	Russian forces are advancing in Ukraine at the fastest rate since the early days of the 2022 invasion, taking an area half the size of London over the past month, analysts and war bloggers said on Tuesday.	https://koreatimes.co.kr/www/nation/2024/12/501_387152.html?utm_source=fl	2024-11-30T07:08:11-08:00	http://img.koreatimes.co.kr/upload/thumbnailV2/6624be74c8e94479a02221a48fe382c2.jpg
Russia's ties with N. Korea 'expanding,' including on military: R...	Russian Defense Minister Andrey Belousov said Friday during his visit to Pyongyang that Russia's cooperation with North Korea is 'expanding' in various areas, including in the military field.	https://koreatimes.co.kr/www/nation/2024/12/103_387327.html?utm_source=fl	2024-11-30T07:07:11-08:00	http://img.koreatimes.co.kr/upload/thumbnailV2/888f0e0faf284f49ba3622792661201f.jpg
China state media dismiss Trump's tariff vow, focus on fentanyl	China's state media shrugged off U.S. President-elect Donald Trump's pledge to slap additional tariffs on Chinese goods in editorials late on Tuesday, accusing the former president of blaming China for the country's failure to address the fentanyl crisis.	https://koreatimes.co.kr/www/nation/2024/12/501_387154.html?utm_source=fl	2024-11-30T07:07:11-08:00	http://img.koreatimes.co.kr/upload/thumbnailV2/cdc7601fbc4c4470a749c5dadc9a8290.jpg
Russia's ties with N. Korea 'expanding,' including on military: R...	Russia's cooperation with North Korea is 'expanding' in various areas, including in the military field, Russian Defense Minister Andrey Belousov said Friday in a meeting with his North Korean counterpart in Pyongyang.	https://koreatimes.co.kr/www/nation/2024/12/103_387359.html?utm_source=fl	2024-11-30T07:06:11-08:00	http://img.koreatimes.co.kr/upload/thumbnailV2/2fe0525df5e340e085796211f16116d6.jpg
China calls for global supply chain cooperation amid turmoil, Tru...	China doubled down on efforts for global cooperation to maintain the operation of international supply chains hours after U.S. president-elect Donald Trump pushed his 'America First' agenda by upping his tariff threats against Chinese imports.	https://koreatimes.co.kr/www/nation/2024/12/672_387175.html?utm_source=fl	2024-11-30T07:06:11-08:00	http://img.koreatimes.co.kr/upload/thumbnailV2/0ca7b50c9fe648c5ae81b88e087f8e23.jpg
NK leader meets Russia's defense chief, vows continued support fo...	North Korean leader Kim Jong-un met Russia's visiting defense minister and expressed his support for Russia's war against Ukraine, state media reported Saturday, amid deepening military cooperation between the two countries.	https://koreatimes.co.kr/www/nation/2024/12/103_387363.html?utm_source=fl	2024-11-30T07:05:11-08:00	http://img.koreatimes.co.kr/upload/thumbnailV2/a437df6b1da743fd8ce98fefdedc1978.jpg
Apple, Tesla and Starbucks to face testing time in China under se...	Apple, Tesla and Starbucks are among the most recognised U.S. brands in China. Their presence not only represents business success stories, but also the broad goodwill that has existed between the two countries over the years.	https://koreatimes.co.kr/www/nation/2024/12/672_387176.html?utm_source=fl	2024-11-30T07:05:11-08:00	http://img.koreatimes.co.kr/upload/thumbnailV2/86e23f6b792a46ee88577e41cca5216e.jpg
Trump taps Jamieson Greer as US trade representative as ramps up ...	President-elect Donald Trump on Tuesday chose trade lawyer Jamieson Greer as his new U.S. trade representative, elevating a key veteran of his first-term trade war against China to execute a sweeping tariff agenda that promises to upend global trade.	https://koreatimes.co.kr/www/nation/2024/12/501_387178.html?utm_source=fl	2024-11-30T07:04:11-08:00	http://img.koreatimes.co.kr/upload/thumbnailV2/f420f45263774570a8b0a7504847d70c.png
China declines comment on marriage of son of jailed official Bo X...	China declined on Wednesday to comment about the marriage of the son of jailed former leader Bo Xilai to an individual from Taiwan, saying only that it opposed 'malicious' speculation about the matter.	https://koreatimes.co.kr/www/nation/2024/12/501_387179.html?utm_source=fl	2024-11-30T07:03:11-08:00	http://img.koreatimes.co.kr/upload/thumbnailV2/58f321b8a4f144a7b23059b732aec162.jpg
ICC prosecutor requests arrest warrants for the head of Myanmar's...	The International Criminal Court’s chief prosecutor asked judges on Wednesday to issue an arrest warrant for the head of Myanmar’s military regime for crimes committed against the country’s Rohingya Muslim minority .	https://koreatimes.co.kr/www/nation/2024/12/683_387226.html?utm_source=fl	2024-11-30T07:02:11-08:00	http://img.koreatimes.co.kr/upload/thumbnailV2/b743fc7762f14579a99eafcd436cc635.jpg
Biden readies $725 mil. arms aid package for Ukraine: sources	U.S. President Joe Biden's administration is preparing a $725 million weapons package for Ukraine, two U.S. officials said on Wednesday, as the outgoing president seeks to bolster the government in Kyiv before leaving office in January.	https://koreatimes.co.kr/www/nation/2024/12/501_387229.html?utm_source=fl	2024-11-30T07:01:11-08:00	http://img.koreatimes.co.kr/upload/thumbnailV2/f5cb9844457f4b68a77f7ae83bb1436c.jpg
Tens of thousands in Lebanon head home as Israel-Hezbollah truce ...	Tens of thousands of Lebanese displaced by the war between Israel and Hezbollah headed back to their devastated towns and villages Wednesday as a ceasefire took hold.	https://koreatimes.co.kr/www/nation/2024/12/501_387241.html?utm_source=fl	2024-11-30T07:00:11-08:00	http://img.koreatimes.co.kr/upload/thumbnailV2/a747d5d476c5440fb50411d1b643b568.jpg
Trump taps retired general for key Ukraine conflict role	U.S. President-elect Donald Trump on Wednesday named staunch loyalist and retired general Keith Kellogg as his Ukraine envoy, charged with ending the two-and-a-half-year Russian invasion.	https://koreatimes.co.kr/www/nation/2024/12/501_387247.html?utm_source=fl	2024-11-30T06:59:11-08:00	http://img.koreatimes.co.kr/upload/thumbnailV2/44cf3b7b41c143428c2348fdc2964313.png
Conservative US influencer barred from New Zealand weeks after ba...	The U.S. conservative political commentor Candace Owens was refused a visa to enter New Zealand for a speaking engagement because she had been banned from another country, immigration officials said Thursday.	https://koreatimes.co.kr/www/nation/2024/12/501_387296.html?utm_source=fl	2024-11-30T06:58:11-08:00	http://img.koreatimes.co.kr/upload/thumbnailV2/b34a9e5fcd5a41f58259ee8ed7e85952.jpg
AI Jesus' avatar tests man's faith in machines and the divine	Would you trust an 'AI Jesus' with your innermost thoughts and troubles?	https://koreatimes.co.kr/www/nation/2024/12/501_387297.html?utm_source=fl	2024-11-30T06:57:11-08:00	http://img.koreatimes.co.kr/upload/thumbnailV2/2abea7e2845845f2823d866b9f077569.jpg
Biden says he hopes Trump rethinks tariffs on Mexico and Canada	U.S. President Joe Biden on Thursday said he hoped President-elect Donald Trump would rethink his plan to impose tariffs on Mexico and Canada, saying it could 'screw up' relationships with close allies.	https://koreatimes.co.kr/www/nation/2024/12/501_387308.html?utm_source=fl	2024-11-30T06:56:11-08:00	http://img.koreatimes.co.kr/upload/thumbnailV2/238ea8f77ef042f79215f5081106f129.jpg
ECB chief Lagarde warns Europe against US tariff retaliation	European Central Bank (ECB) President Christine Lagarde has warned against taking retaliatory measures in response to potential new tariffs imposed by U.S. President-elect Donald Trump, in an interview to the Financial Times newspaper published on Thursday.	https://koreatimes.co.kr/www/nation/2024/12/501_387309.html?utm_source=fl	2024-11-30T06:55:11-08:00	http://img.koreatimes.co.kr/upload/thumbnailV2/d1290f936fbf4ccfbf8102aa3236eaeb.jpg
Rights for same-sex couples, transgender people in Hong Kong long...	A landmark ruling by the top court in favor of equal housing and inheritance rights for married same-sex couples is the latest in a long line intended to ensure fairer treatment for the LGBTQ community.	https://koreatimes.co.kr/www/nation/2024/12/501_387326.html?utm_source=fl	2024-11-30T06:54:11-08:00	http://img.koreatimes.co.kr/upload/thumbnailV2/5e42a6addf2543f68a1e659ae92e3446.png
Amazon workers in India join Black Friday strike action	Amazon staff in India have joined strike action calling for better wages and working conditions as the company prepares for one of the busiest shopping periods of the year.	https://koreatimes.co.kr/www/nation/2024/12/501_387361.html?utm_source=fl	2024-11-30T06:53:11-08:00	http://img.koreatimes.co.kr/upload/thumbnailV2/83373dc2d6c34ca1874e24477829a986.jpg
Canada PM Trudeau visits Florida to meet with Trump amid tariff t...	Canadian Prime Minister Justin Trudeau visited Donald Trump's Florida resort Friday to meet with the U.S. president-elect, days after Trump threatened to slap tariffs on Canadian imports over border-related concerns.	https://koreatimes.co.kr/www/nation/2024/12/501_387365.html?utm_source=fl	2024-11-30T06:52:11-08:00	http://img.koreatimes.co.kr/upload/thumbnailV2/e2b2f8d029ce497e876e9283d4dcdb85.jpg
Ukraine asks NATO for membership invite next week, letter shows	Ukrainian Foreign Minister Andrii Sybiha has urged his NATO counterparts to issue an invitation to Kyiv to join the Western military alliance at a meeting in Brussels next week , according to the text of a letter seen by Reuters on Friday.	https://koreatimes.co.kr/www/nation/2024/12/501_387366.html?utm_source=fl	2024-11-30T06:51:11-08:00	http://img.koreatimes.co.kr/upload/thumbnailV2/613a8c545c7342f88b4fb742908bac6e.jpg
Senior Russian diplomat says possibility of new nuclear tests rem...	A possible resumption of nuclear weapons tests by Moscow remains an open question in view of hostile U.S. policies, a senior Russian diplomat was quoted as saying early Saturday.	https://koreatimes.co.kr/www/nation/2024/12/501_387367.html?utm_source=fl	2024-11-30T06:50:11-08:00	http://img.koreatimes.co.kr/upload/thumbnailV2/26c00a55ea1b4560adbec20705cf27c2.jpg
US approves $385 mil. arms sale to Taiwan	The U.S. State Department has approved the potential sale of spare parts for F-16 jets and radars to Taiwan for an estimated $385 million, the Pentagon said on Friday, a day before Taiwan President Lai Ching-te starts a sensitive Pacific trip.	https://koreatimes.co.kr/www/nation/2024/12/501_387371.html?utm_source=fl	2024-11-30T06:49:11-08:00	http://img.koreatimes.co.kr/upload/thumbnailV2/ce8b52055cd245b1b5ca6ecfbedcc52c.jpg
Iceland votes for new parliament amid disagreements on immigratio...	Icelanders are electing a new parliament Saturday after disagreements over immigration, energy policy and the economy forced Prime Minister Bjarni Benediktsson to pull the plug on his coalition government and call an early election.	https://koreatimes.co.kr/www/nation/2024/12/501_387374.html?utm_source=fl	2024-11-30T06:48:11-08:00	http://img.koreatimes.co.kr/upload/thumbnailV2/1411868adec9468bad97b4622309e2d6.jpg
China sentences journalist detained at meal with Japanese diploma...	A court in Beijing on Friday sentenced a prominent Chinese journalist to seven in years in prison for espionage, his family said.	https://koreatimes.co.kr/www/nation/2024/12/501_387375.html?utm_source=fl	2024-11-30T06:47:11-08:00	http://img.koreatimes.co.kr/upload/thumbnailV2/a827aee1c253452c99d50dea2b1490d7.jpg
Iceland set for change of government as surging prices dominate e...	Iceland held a snap election on Saturday with voters likely to topple the ruling coalition in their quest to escape a cost of living crisis, although a snowstorm made voting difficult for some and could delay tallying of ballots.	https://koreatimes.co.kr/www/nation/2024/11/501_387374.html?utm_source=fl	2024-11-30T03:17:11-08:00	http://img.koreatimes.co.kr/upload/thumbnailV2/1f9f6ee422ed4d4e9b979f01bfbc710e.jpg
China sentences journalist detained at meal with Japanese diploma...	A court in Beijing on Friday sentenced a prominent Chinese journalist to seven in years in prison for espionage, his family said.	https://koreatimes.co.kr/www/nation/2024/11/501_387375.html?utm_source=fl	2024-11-30T03:16:11-08:00	http://img.koreatimes.co.kr/upload/thumbnailV2/a827aee1c253452c99d50dea2b1490d7.jpg
Senior Russian diplomat says possibility of new nuclear tests rem...	A possible resumption of nuclear weapons tests by Moscow remains an open question in view of hostile U.S. policies, a senior Russian diplomat was quoted as saying early Saturday.	https://koreatimes.co.kr/www/nation/2024/11/501_387367.html?utm_source=fl	2024-11-29T23:47:12-08:00	http://img.koreatimes.co.kr/upload/thumbnailV2/26c00a55ea1b4560adbec20705cf27c2.jpg
US approves $385 mil. arms sale to Taiwan	The U.S. State Department has approved the potential sale of spare parts for F-16 jets and radars to Taiwan for an estimated $385 million, the Pentagon said on Friday, a day before Taiwan President Lai Ching-te starts a sensitive Pacific trip.	https://koreatimes.co.kr/www/nation/2024/11/501_387371.html?utm_source=fl	2024-11-29T23:46:12-08:00	http://img.koreatimes.co.kr/upload/thumbnailV2/e0a3153ac2ab439eaafc3bb38fe39a2d.jpg
Canada PM Trudeau visits Florida to meet with Trump amid tariff t...	Canadian Prime Minister Justin Trudeau visited Donald Trump's Florida resort on Friday to meet with the U.S. President-elect, days after Trump threatened to slap tariffs on Canadian imports over border-related concerns.	https://koreatimes.co.kr/www/nation/2024/11/501_387365.html?utm_source=fl	2024-11-29T20:17:11-08:00	http://img.koreatimes.co.kr/upload/thumbnailV2/b11329d68edd4754bb5762b8cde540ea.jpg
Ukraine asks NATO for membership invite next week, letter shows	Ukrainian Foreign Minister Andrii Sybiha has urged his NATO counterparts to issue an invitation to Kyiv at a meeting in Brussels next week to join the Western military alliance, according to the text of a letter seen by Reuters on Friday.	https://koreatimes.co.kr/www/nation/2024/11/501_387366.html?utm_source=fl	2024-11-29T20:16:11-08:00	http://img.koreatimes.co.kr/upload/thumbnailV2/f1b0a64d7a3444e5886b24b98f6b0174.jpg
NK leader meets Russia's defense chief, vows continued support fo...	North Korean leader Kim Jong-un has met Russia's visiting defense minister and expressed his support for Russia's war against Ukraine, state media reported Saturday, amid deepening military cooperation between the two nations.	https://koreatimes.co.kr/www/nation/2024/11/103_387363.html?utm_source=fl	2024-11-29T19:17:11-08:00	http://img.koreatimes.co.kr/upload/thumbnailV2/981bb8bd66134f12ac53d1a44e8fa50c.jpg
Russia's ties with N. Korea 'expanding,' including on military: R...	Russia's cooperation with North Korea is 'expanding' in various areas, including in the military field, Russian Defense Minister Andrey Belousov said Friday in a meeting with his North Korean counterpart in Pyongyang.	https://koreatimes.co.kr/www/nation/2024/11/103_387359.html?utm_source=fl	2024-11-29T05:17:11-08:00	http://img.koreatimes.co.kr/upload/thumbnailV2/2fe0525df5e340e085796211f16116d6.jpg
Amazon workers in India join Black Friday strike action	Amazon staff in India have joined strike action calling for better wages and working conditions as the company prepares for one of the busiest shopping periods of the year.	https://koreatimes.co.kr/www/nation/2024/11/501_387361.html?utm_source=fl	2024-11-29T05:17:11-08:00	http://img.koreatimes.co.kr/upload/thumbnailV2/83373dc2d6c34ca1874e24477829a986.jpg
Russia's defense minister arrives in N. Korea for talks with mili...	Russian Defense Minister Andrey Belousov arrived in North Korea on Friday for talks with senior military officials and politicians, Russia's TASS news agency said.	https://koreatimes.co.kr/www/nation/2024/11/103_387327.html?utm_source=fl	2024-11-28T22:47:12-08:00	http://img.koreatimes.co.kr/upload/thumbnailV2/d74e57241be44b1cbcaff81372c5076f.jpg
Rights for same-sex couples and transgender people in Hong Kong l...	A landmark ruling by the top court in favor of equal housing and inheritance rights for married same-sex couples is the latest in a long line intended to ensure fairer treatment for the LGBTQ community.	https://koreatimes.co.kr/www/nation/2024/11/501_387326.html?utm_source=fl	2024-11-28T22:47:12-08:00	http://img.koreatimes.co.kr/upload/thumbnailV2/485a95bb21c8470fb16eb8f2c68eabfb.png
Biden says he hopes Trump rethinks tariffs on Mexico and Canada	U.S. President Joe Biden on Thursday said he hoped President-elect Donald Trump would rethink his plan to impose tariffs on Mexico and Canada, saying it could 'screw up' relationships with close allies.	https://koreatimes.co.kr/www/nation/2024/11/501_387308.html?utm_source=fl	2024-11-28T17:47:11-08:00	http://img.koreatimes.co.kr/upload/thumbnailV2/238ea8f77ef042f79215f5081106f129.jpg
ECB chief Lagarde warns Europe against US tariff retaliation	European Central Bank (ECB) President Christine Lagarde has warned against taking retaliatory measures in response to potential new tariffs imposed by U.S. President-elect Donald Trump, in an interview to the Financial Times newspaper published on Thursday.	https://koreatimes.co.kr/www/nation/2024/11/501_387309.html?utm_source=fl	2024-11-28T17:46:11-08:00	http://img.koreatimes.co.kr/upload/thumbnailV2/d1290f936fbf4ccfbf8102aa3236eaeb.jpg
N. Korea sends about 40 trash-filled balloons toward S. Korea: JC...	South Korea's military said Friday North Korea has sent around 40 balloons filled with trash across the border into the South since the previous night, with most of them landing in the broader capital area.	https://koreatimes.co.kr/www/nation/2024/11/103_387306.html?utm_source=fl	2024-11-28T17:17:11-08:00	http://img.koreatimes.co.kr/upload/thumbnailV2/d1f922f2f1f74b40a9e9747ad26ca26f.jpg
Conservative US influencer barred from New Zealand weeks after ba...	The U.S. conservative political commentor Candace Owens was refused a visa to enter New Zealand for a speaking engagement because she had been banned from another country, immigration officials said Thursday.	https://koreatimes.co.kr/www/nation/2024/11/501_387296.html?utm_source=fl	2024-11-28T03:47:11-08:00	http://img.koreatimes.co.kr/upload/thumbnailV2/b34a9e5fcd5a41f58259ee8ed7e85952.jpg
AI Jesus' avatar tests man's faith in machines and the divine	Would you trust an 'AI Jesus' with your innermost thoughts and troubles?	https://koreatimes.co.kr/www/nation/2024/11/501_387297.html?utm_source=fl	2024-11-28T03:46:11-08:00	http://img.koreatimes.co.kr/upload/thumbnailV2/2abea7e2845845f2823d866b9f077569.jpg
Trump taps retired general for key Ukraine conflict role	U.S. President-elect Donald Trump on Wednesday named staunch loyalist and retired general Keith Kellogg as his Ukraine envoy, charged with ending the two-and-a-half-year Russian invasion.	https://koreatimes.co.kr/www/nation/2024/11/501_387247.html?utm_source=fl	2024-11-27T19:47:13-08:00	http://img.koreatimes.co.kr/upload/thumbnailV2/44cf3b7b41c143428c2348fdc2964313.png
NK envoy sidesteps question on troop deployment to Russia at UNSC...	North Korea's chief envoy to the United Nations has sidestepped a question confirming the country's troop deployment to Russia during a U.N. meeting, instead reiterating that his country will continue to develop relations with Russia.	https://koreatimes.co.kr/www/nation/2024/11/103_387239.html?utm_source=fl	2024-11-27T19:17:12-08:00	http://img.koreatimes.co.kr/upload/thumbnailV2/e134802d4e904cb5aa820034d2b5acde.jpg
Tens of thousands in Lebanon head home as Israel-Hezbollah truce ...	Tens of thousands of Lebanese displaced by the war between Israel and Hezbollah headed back to their devastated towns and villages Wednesday as a ceasefire took hold.	https://koreatimes.co.kr/www/nation/2024/11/501_387241.html?utm_source=fl	2024-11-27T19:17:12-08:00	http://img.koreatimes.co.kr/upload/thumbnailV2/a747d5d476c5440fb50411d1b643b568.jpg